{
    "augmented dodecahedron": {
        "vertices": [
            [-0.906673, 0.136106, 0.246909],
            [-0.827056, 0.097501, -0.456089],
            [-0.822039, 0.728118, -0.133084],
            [-0.682157, -0.474972, 0.526574],
            [-0.553334, -0.537436, -0.610901],
            [-0.48677, 0.654002, 0.486704],
            [-0.463781, -0.891244, -0.003583],
            [-0.357947, 0.591537, -0.650771],
            [-0.147639, 0.935474, -0.068093],
            [-0.123496, -0.334743, 0.939211],
            [-0.00274, 0.363001, 0.91457],
            [0.084945, -0.435813, -0.901263],
            [0.2057, 0.261931, -0.925903],
            [0.229843, -1.008285, 0.0814],
            [0.440151, -0.664349, 0.664079],
            [0.545986, 0.818432, 0.01689],
            [0.568974, -0.726814, -0.473396],
            [0.635538, 0.464625, 0.624209],
            [0.764361, 0.40216, -0.513266],
            [0.90926, -0.170313, 0.469397],
            [0.988877, -0.208918, -0.233601]
        ],
        "faces": [
            [2, 0, 5],
            [2, 5, 8],
            [2, 1, 0],
            [2, 7, 1],
            [7, 2, 8],
            [18, 20, 16, 11, 12],
            [6, 4, 11, 16, 13],
            [1, 7, 12, 11, 4],
            [8, 15, 18, 12, 7],
            [17, 19, 20, 18, 15],
            [14, 13, 16, 20, 19],
            [19, 17, 10, 9, 14],
            [15, 8, 5, 10, 17],
            [4, 6, 3, 0, 1],
            [13, 14, 9, 3, 6],
            [3, 9, 10, 5, 0]
        ]
    },
    "augmented hexagonal prism": {
        "vertices": [
            [-0.973522, 0.38842, -0.100967],
            [-0.837708, -0.464036, -0.18462],
            [-0.457167, 0.537479, -0.781617],
            [-0.449574, 0.863826, 0.400622],
            [-0.321353, -0.314977, -0.865269],
            [-0.177946, -0.841086, 0.233318],
            [0.066781, 1.012885, -0.280028],
            [0.210188, 0.486776, 0.818559],
            [0.338409, -0.692027, -0.447332],
            [0.346002, -0.365679, 0.734907],
            [0.666998, -1.030797, 0.280259],
            [0.726543, 0.635835, 0.13791],
            [0.862357, -0.216621, 0.054258]
        ],
        "faces": [
            [5, 10, 9],
            [5, 8, 10],
            [9, 10, 12],
            [12, 10, 8],
            [1, 0, 2, 4],
            [5, 1, 4, 8],
            [7, 9, 12, 11],
            [3, 7, 11, 6],
            [0, 3, 6, 2],
            [0, 1, 5, 9, 7, 3],
            [11, 12, 8, 4, 2, 6]
        ]
    },
    "augmented pentagonal prism": {
        "vertices": [
            [-0.81481, 0.221521, -0.662951],
            [-0.660297, -0.683519, -0.326712],
            [-0.53073, 0.852939, 0.027439],
            [-0.280723, -0.611446, 0.571485],
            [-0.200646, 0.338137, 0.790362],
            [0.085423, 0.233517, -1.044348],
            [0.239936, -0.671523, -0.708109],
            [0.369503, 0.864935, -0.353959],
            [0.473247, -0.295241, 1.107742],
            [0.619511, -0.59945, 0.190087],
            [0.699587, 0.350133, 0.408964]
        ],
        "faces": [
            [3, 8, 4],
            [3, 9, 8],
            [4, 8, 10],
            [10, 8, 9],
            [1, 0, 5, 6],
            [3, 1, 6, 9],
            [2, 4, 10, 7],
            [0, 2, 7, 5],
            [0, 1, 3, 4, 2],
            [7, 10, 9, 6, 5]
        ]
    },

    "augmented sphenocorona": {
        "vertices": [
            [-0.858193, -0.792464, 0.432564],
            [-0.785643, 0.057917, -0.211154],
            [-0.533044, 0.147795, 0.823687],
            [-0.229952, 0.904287, 0.131849],
            [-0.212337, 0.637025, -0.903062],
            [-0.091064, -0.748583, -0.310653],
            [0.161537, -0.658707, 0.724189],
            [0.482242, -0.169476, -1.002562],
            [0.505859, 0.352206, 0.676436],
            [0.693906, 0.639069, -0.336051],
            [0.86669, -0.369064, -0.025245]
        ],
        "faces": [
            [5, 0, 1],
            [9, 3, 8],
            [8, 6, 10],
            [8, 3, 2],
            [8, 2, 6],
            [6, 5, 10],
            [10, 5, 7],
            [3, 1, 2],
            [1, 3, 4],
            [7, 9, 10],
            [7, 4, 9],
            [9, 4, 3],
            [10, 9, 8],
            [6, 0, 5],
            [6, 2, 0],
            [0, 2, 1],
            [5, 1, 4, 7]
        ]
    },

    "augmented triangular prism": {
        "vertices": [
            [-0.87547, -0.255205, -0.086794],
            [-0.276612, -0.313401, 1.029989],
            [-0.236035, 0.801921, -0.374595],
            [-0.051128, -0.255205, -1.050994],
            [0.218493, -0.889481, 0.014004],
            [0.362823, 0.743725, 0.742188],
            [0.857929, 0.167645, -0.273797]
        ],
        "faces": [
            [6, 3, 2],
            [3, 0, 2],
            [0, 3, 4],
            [2, 5, 6],
            [1, 0, 4],
            [6, 4, 3],
            [2, 0, 1, 5],
            [5, 1, 4, 6]
        ]
    },

    "augmented tridiminished icosahedron": {
        "vertices": [
            [-0.777985, -0.188235, -0.285228],
            [-0.489362, -0.260552, 0.643961],
            [-0.32442, 0.578558, -0.683014],
            [-0.099589, -0.843165, -0.034687],
            [0.142581, 0.461547, 0.820446],
            [0.24452, 0.980145, 0.00033],
            [0.634293, 0.397531, -0.678318],
            [0.773247, -0.481142, -0.27763],
            [0.922916, 0.325215, 0.250871],
            [-1.026197, -0.969903, 0.24327]
        ],
        "faces": [
            [6, 5, 8],
            [5, 4, 8],
            [8, 7, 6],
            [6, 2, 5],
            [9, 1, 0],
            [9, 0, 3],
            [9, 3, 1],
            [8, 4, 1, 3, 7],
            [6, 7, 3, 0, 2],
            [1, 4, 5, 2, 0]
        ]
    },

    "augmented truncated cube": {
        "vertices": [
            [-0.935384, 0.507278, -0.272116],
            [-0.915801, 0.536228, 0.283002],
            [-0.882043, 0.099694, -0.646826],
            [-0.834764, 0.169584, 0.693348],
            [-0.787023, -0.447768, -0.621628],
            [-0.739744, -0.377878, 0.718546],
            [-0.705986, -0.814411, -0.211282],
            [-0.686402, -0.785462, 0.343836],
            [-0.561956, 0.553237, -0.681771],
            [-0.514677, 0.623127, 0.658404],
            [-0.332557, -0.768453, -0.620937],
            [-0.285278, -0.698562, 0.719237],
            [-0.014265, 0.647182, -0.705992],
            [0.033015, 0.717073, 0.634183],
            [0.215134, -0.674508, -0.645158],
            [0.262413, -0.604617, 0.695016],
            [0.386859, 0.734081, -0.330591],
            [0.406443, 0.763031, 0.224528],
            [0.440201, 0.326497, -0.705301],
            [0.48748, 0.396388, 0.634874],
            [0.535221, -0.220964, -0.680103],
            [0.5825, -0.151074, 0.660072],
            [0.616258, -0.587608, -0.269757],
            [0.635842, -0.558659, 0.285361],
            [0.831438, 0.541255, -0.057559],
            [0.884779, 0.13367, -0.432269],
            [0.912475, 0.174611, 0.352787],
            [0.965816, -0.232973, -0.021924]
        ],
        "faces": [
            [24, 16, 17],
            [26, 19, 21],
            [27, 23, 22],
            [25, 20, 18],
            [21, 15, 23],
            [5, 7, 11],
            [17, 13, 19],
            [1, 3, 9],
            [18, 12, 16],
            [2, 0, 8],
            [22, 14, 20],
            [6, 4, 10],
            [25, 24, 26, 27],
            [24, 25, 18, 16],
            [26, 24, 17, 19],
            [27, 26, 21, 23],
            [25, 27, 22, 20],
            [23, 15, 11, 7, 6, 10, 14, 22],
            [20, 14, 10, 4, 2, 8, 12, 18],
            [16, 12, 8, 0, 1, 9, 13, 17],
            [19, 13, 9, 3, 5, 11, 15, 21],
            [4, 6, 7, 5, 3, 1, 0, 2]
        ]
    },