{
    "augmented dodecahedron": {
        "vertices": [
            [-0.906673, 0.136106, 0.246909],
            [-0.827056, 0.097501, -0.456089],
            [-0.822039, 0.728118, -0.133084],
            [-0.682157, -0.474972, 0.526574],
            [-0.553334, -0.537436, -0.610901],
            [-0.48677, 0.654002, 0.486704],
            [-0.463781, -0.891244, -0.003583],
            [-0.357947, 0.591537, -0.650771],
            [-0.147639, 0.935474, -0.068093],
            [-0.123496, -0.334743, 0.939211],
            [-0.00274, 0.363001, 0.91457],
            [0.084945, -0.435813, -0.901263],
            [0.2057, 0.261931, -0.925903],
            [0.229843, -1.008285, 0.0814],
            [0.440151, -0.664349, 0.664079],
            [0.545986, 0.818432, 0.01689],
            [0.568974, -0.726814, -0.473396],
            [0.635538, 0.464625, 0.624209],
            [0.764361, 0.40216, -0.513266],
            [0.90926, -0.170313, 0.469397],
            [0.988877, -0.208918, -0.233601]
        ],
        "faces": [
            [2, 0, 5],
            [2, 5, 8],
            [2, 1, 0],
            [2, 7, 1],
            [7, 2, 8],
            [18, 20, 16, 11, 12],
            [6, 4, 11, 16, 13],
            [1, 7, 12, 11, 4],
            [8, 15, 18, 12, 7],
            [17, 19, 20, 18, 15],
            [14, 13, 16, 20, 19],
            [19, 17, 10, 9, 14],
            [15, 8, 5, 10, 17],
            [4, 6, 3, 0, 1],
            [13, 14, 9, 3, 6],
            [3, 9, 10, 5, 0]
        ]
    },
    "augmented hexagonal prism": {
        "vertices": [
            [-0.973522, 0.38842, -0.100967],
            [-0.837708, -0.464036, -0.18462],
            [-0.457167, 0.537479, -0.781617],
            [-0.449574, 0.863826, 0.400622],
            [-0.321353, -0.314977, -0.865269],
            [-0.177946, -0.841086, 0.233318],
            [0.066781, 1.012885, -0.280028],
            [0.210188, 0.486776, 0.818559],
            [0.338409, -0.692027, -0.447332],
            [0.346002, -0.365679, 0.734907],
            [0.666998, -1.030797, 0.280259],
            [0.726543, 0.635835, 0.13791],
            [0.862357, -0.216621, 0.054258]
        ],
        "faces": [
            [5, 10, 9],
            [5, 8, 10],
            [9, 10, 12],
            [12, 10, 8],
            [1, 0, 2, 4],
            [5, 1, 4, 8],
            [7, 9, 12, 11],
            [3, 7, 11, 6],
            [0, 3, 6, 2],
            [0, 1, 5, 9, 7, 3],
            [11, 12, 8, 4, 2, 6]
        ]
    },
    "augmented pentagonal prism": {
        "vertices": [
            [-0.81481, 0.221521, -0.662951],
            [-0.660297, -0.683519, -0.326712],
            [-0.53073, 0.852939, 0.027439],
            [-0.280723, -0.611446, 0.571485],
            [-0.200646, 0.338137, 0.790362],
            [0.085423, 0.233517, -1.044348],
            [0.239936, -0.671523, -0.708109],
            [0.369503, 0.864935, -0.353959],
            [0.473247, -0.295241, 1.107742],
            [0.619511, -0.59945, 0.190087],
            [0.699587, 0.350133, 0.408964]
        ],
        "faces": [
            [3, 8, 4],
            [3, 9, 8],
            [4, 8, 10],
            [10, 8, 9],
            [1, 0, 5, 6],
            [3, 1, 6, 9],
            [2, 4, 10, 7],
            [0, 2, 7, 5],
            [0, 1, 3, 4, 2],
            [7, 10, 9, 6, 5]
        ]
    },

    "cube": {
        "vertices": [
            [0.0, 0.0, 1.224745],
            [1.154701, 0.0, 0.4082483],
            [-0.5773503, 1.0, 0.4082483],
            [-0.5773503, -1.0, 0.4082483],
            [0.5773503, 1.0, -0.4082483],
            [0.5773503, -1.0, -0.4082483],
            [-1.154701, 0.0, -0.4082483],
            [0.0, 0.0, -1.224745]
        ],
        "faces": [
            [0, 1, 4, 2],
            [0, 2, 6, 3],
            [0, 3, 5, 1],
            [1, 5, 7, 4],
            [2, 4, 7, 6],
            [3, 6, 7, 5]
        ]
    },
    "tetrahedron": {
        "vertices": [
            [0.0, 0.0, 1.732051],
            [1.632993, 0.0, -0.5773503],
            [-0.8164966, 1.414214, -0.5773503],
            [-0.8164966, -1.414214, -0.5773503]
        ],
        "faces": [
            [0, 1, 2],
            [0, 2, 3],
            [0, 3, 1],
            [1, 3, 2]
        ]
    }
}